client_id,loan_type,loan_amount,repaid,loan_start,loan_end,log_rate,duration_days,rate_times_loan_amount,amount_per_day
46109,3,0.4995788272445669,1,2004-04-05,2006-10-13,0.24159775485106805,1.2039773618846787,0.25339129047753955,-0.010485497801218168
46180,1,0.29564352251340226,1,2002-06-17,2004-11-14,0.2738919866478193,0.9191074311498004,0.17321839820485727,-0.029722546688220195
29841,0,-0.8965752096106218,0,2006-01-20,2008-07-17,0.015034719823188072,1.1185163826642153,-0.5986710120995316,-0.6830190883483368
29841,0,1.409020051045707,0,2013-03-12,2015-12-01,1.1578780448238495,1.723864985475832,2.481020000583906,1.553715350204243
49545,0,-0.22078489311017,1,2014-03-16,2015-12-30,0.6421960630989743,-0.6975294257706345,0.18897130303274437,0.34354044200521006
25707,3,0.584651721697638,0,2013-01-27,2015-02-01,1.8029484133959035,-0.12066781603250572,3.053181991329371,3.0426948751243175
49068,3,-0.6775424616384895,1,2001-06-14,2003-09-02,1.0455608688983449,0.4134633040953913,0.15794121998297667,0.04627714442531954
29841,3,0.05767906000100909,1,2013-03-23,2015-02-14,-0.18800810991416977,-0.419781243304128,-0.30680688679051477,-0.2589306035895068
48177,2,-0.35019154946132036,0,2014-07-12,2016-02-22,1.1719894581059254,-1.1533213149464399,0.6223314867083646,1.0329601783055224
26945,3,1.193581932416662,0,2001-11-26,2004-06-11,-0.051573094486479225,1.2538295997632825,0.2734545793428,-0.0025295616223751276
25707,0,-0.6511818464558479,0,2011-06-21,2013-03-18,0.6865561448261384,-0.8257208946013297,-0.0978015443021507,0.05296379238353637
32961,3,1.3639673632790101,0,2013-11-24,2016-08-08,-0.20919764404834887,1.6811344958656,0.16936827338823326,-0.1435375642529042
38537,3,1.59522185101764,0,2012-08-19,2014-12-11,-0.017938956975176418,0.6556027452200379,0.48864729397132145,0.28883046144215974
26945,3,1.3764287450017134,0,2007-05-16,2010-01-12,-0.811955579867165,1.5671865235716487,-0.3710663478585907,-0.5356368851271189
42320,0,-0.990035572530897,1,2002-12-13,2004-10-01,-1.5951130927805826,-0.6690424326971466,-0.9984494121954521,-0.9862336387299433
41472,2,-0.0487219685543812,1,2001-10-23,2004-02-13,1.767183787030426,0.6484809969516659,1.9386398330942405,1.5497932969274604
39505,3,1.5798847658204664,1,2006-06-22,2008-09-04,-1.2449146729867067,0.37785456275353146,-0.633121477478248,-0.6663856598852401
35089,1,-0.3945253113593996,1,2003-04-10,2004-09-29,0.8700366973542133,-1.5236522249017819,0.26206974771891994,0.7444156878809703
46109,0,-0.2509797795921051,0,2006-09-17,2008-11-26,-0.3250538061068519,0.3493675696800436,-0.4972007844405602,-0.5402065935585252
41480,2,1.1020387051460336,1,2009-10-29,2011-07-08,-0.3250538061068519,-0.961034111700397,-0.03931434419693491,0.1564661809556193
35089,3,1.1756087857012245,1,2006-10-06,2008-08-29,-0.8427683397561136,-0.419781243304128,-0.4346548588364735,-0.3940057995476074
35214,3,-0.725950136792068,1,2010-07-23,2012-05-02,-1.88673721969064,-0.7331381671124942,-1.0264955440029766,-1.016930161667972
38537,3,0.35339723395900824,1,2004-07-09,2006-06-01,-0.09583110186555628,-0.4269029915725,-0.12267309979507762,-0.06295724967823436
26695,2,1.6493809331201583,0,2009-04-09,2011-09-18,-0.013188605013601246,0.9974466621018919,0.5187639652160596,0.24127463142519542
46109,1,0.9515435566487699,1,2013-05-15,2015-03-15,0.31340553438859153,-0.5907032017450551,0.589320324233409,0.7503535041613055
41472,3,0.9084080045317198,0,2001-05-09,2003-12-30,1.1766670329927418,1.517334285693045,1.986818229944522,1.2571249982926431
44387,2,0.45788112686475185,1,2007-02-27,2009-03-26,1.1244828019325703,0.04313239414004936,1.4093555244678078,1.3305577897686989
44387,0,-1.2843158947516613,1,2003-06-23,2005-06-29,0.4339414439214353,-0.1064243194957618,-0.6626867573404532,-0.6599656885001625
46109,2,1.086941261905066,1,2010-12-08,2013-05-05,-0.7816980351588666,0.9048639346130565,-0.4107330844058016,-0.513801742025016
46109,1,0.9649635061962966,0,2001-03-25,2003-10-04,-1.1582866717171332,1.2182208584214227,-0.6630274578535421,-0.7397018486671152
32961,0,0.30067600359372476,0,2011-11-25,2014-07-27,-2.1192621846050264,1.5885517683767647,-1.055762763170909,-1.0514048009252155
46180,0,-1.1886987542255334,0,2003-11-22,2005-05-18,1.6249492872986475,-1.4880434835599219,0.0002921949590062977,0.37487494106090186
41472,3,0.147305151621991,0,2005-06-27,2007-11-21,1.4298426900434982,0.8906204380763125,1.585462574589847,1.1539815003968978
32726,1,0.9414785944881248,0,2004-04-23,2006-04-29,0.6325359311937524,-0.11354606776413376,1.0316582799570007,1.0261099994175427
46180,2,-0.48870460014829237,0,2011-10-18,2013-11-03,1.3262803901375242,-0.0352068368120422,0.6446718255058891,0.6161683217317763
39505,1,-0.8433746953329266,0,2007-01-07,2008-10-03,-0.061307894494542374,-0.8328426428697017,-0.6043931085696671,-0.5294086436718388
44601,3,-0.41944807480480634,1,2003-10-17,2006-04-04,1.3198587826997357,1.0544206482488676,0.7197337920447987,0.39325294707906067
49068,2,-0.7925706006172899,1,2005-03-29,2007-09-26,0.09251717752702783,1.1327598792009592,-0.5182761419465423,-0.6192204528561258
49545,2,1.668791931572831,1,2002-06-28,2004-03-17,1.1244828019325703,-0.8826948807483054,2.6704244036149554,3.294499546211552
32961,1,-1.3677112955112913,0,2002-10-12,2004-06-29,1.753987268832118,-0.8969383772850493,-0.1903780254384647,-0.0376264915575716
35214,0,-0.9897959305746913,0,2005-09-20,2007-09-22,-0.23606619003103416,-0.1420330608376216,-0.7214653295409119,-0.7160647554088015
49545,3,-0.9229358247932635,0,2008-10-13,2010-02-26,0.5900210452123986,-1.7871569108315444,-0.3567707215443574,-0.027135167588852753
46109,0,1.1200118518614712,0,2006-05-26,2007-10-15,0.6130473376171518,-1.7444264212213125,1.1307181037405478,2.1088399190480396
41472,2,-0.5330383620463717,0,2003-02-04,2005-09-27,-0.3596787090599458,1.524456033961417,-0.6070969747275307,-0.7113136540343198
39505,2,-1.4532634738767742,0,2005-05-23,2007-01-15,0.21282168205057206,-1.0678603357259764,-0.8150764533396738,-0.7568763346094339
44387,2,-0.5929488510978301,0,2011-01-07,2012-08-29,-1.1489315037965315,-1.0821038322627203,-0.8754201577131443,-0.8295218440959301
49624,1,0.31481487900986893,1,2003-04-28,2005-05-04,0.3672075646517913,-0.1064243194957618,0.2771859815266419,0.2737540989207441
39505,2,1.2002919071904254,1,2004-08-28,2006-09-14,0.5599441522495896,-0.0352068368120422,1.1018041262088856,1.064228456205532
39505,1,-1.2471713915397569,1,2012-10-23,2015-03-31,-0.16708262669576357,0.9760814172967761,-0.8006524895315531,-0.8410169669467215
26695,0,0.9060115849696614,0,2012-07-18,2014-12-27,0.37098540268741503,0.9974466621018919,0.6368699927748734,0.3382189149766474
32885,1,-0.01637030446659361,1,2008-12-16,2011-07-20,0.9413880442452065,1.3820210685939778,0.6772586799798812,0.2899898750873584
46958,1,1.247261730606769,0,2010-10-10,2013-06-22,-0.3136690282717605,1.666890999328856,0.020857128751514124,-0.2519702608101706
39384,3,1.5988164803607274,0,2014-07-21,2016-03-13,-0.1515578785371072,-1.0749820839943482,0.32483388886635894,0.6323274556670511
39384,1,-1.4887304833952375,1,2013-08-03,2016-04-28,0.03359013843908152,1.7594737268176917,-0.8642836403282517,-0.9111378678260859
32885,2,0.39868956368191083,0,2007-12-13,2009-07-12,-1.4890200297265719,-1.2459040424352754,-0.870101885409443,-0.8138131637350539
46958,3,-0.14625624473015564,0,2000-07-13,2002-09-15,0.8389124175128676,0.2995153318014399,0.4442805624932418,0.332498635317686
35089,0,1.2489392243002098,1,2009-05-28,2011-04-01,0.6645225801892811,-0.5622162086715672,1.3120777942883068,1.5259351418146117
44387,1,-0.1685429466572982,1,2014-03-20,2016-06-18,0.5999281435565648,0.49180253504748284,0.1879625786915375,0.05830454405491783
29841,2,0.33829979071804067,1,2011-04-25,2013-04-02,1.160238197424001,-0.31295501927854863,1.3437265727483465,1.4311103698982486
35214,1,-0.3906910400601063,0,2003-04-03,2005-06-25,-0.3307752709214103,0.4419502971688791,-0.5471370287234044,-0.5933335607483332
26326,1,1.3136425524757849,0,2001-10-06,2004-03-25,-0.21989352924462427,1.0615423965172397,0.13923697083311717,-0.08007992398162835
39505,0,-1.2263225413498493,0,2012-08-02,2014-07-14,0.41566870324553773,-0.29158977447343276,-0.6320533918206503,-0.6139997259710017
26326,3,0.6996798606764383,1,2014-09-06,2016-11-14,1.2982743171670805,0.34224582141167165,2.0075357474024007,1.7528184020975555
35089,2,-0.6658000057844037,1,2003-01-08,2004-10-28,0.042791522001447695,-0.6619206844287746,-0.48094999702238,-0.411374531099209
26326,3,-0.4465276158560656,0,2005-11-15,2007-06-06,-0.10582665696497771,-1.309999776850623,-0.4585009684906188,-0.27943218841196865
35089,3,0.9278190029843922,0,2012-05-22,2014-05-31,1.0731106759085665,-0.09218082295901787,1.7946953294452297,1.7736547066484838
32961,0,1.6299699346674859,1,2006-03-14,2007-10-18,0.8756341968656816,-1.2031735528250436,2.036688842349384,2.8342778312786585
48177,2,1.1046747666642978,0,2007-09-13,2009-10-22,-0.7892114628994007,0.12859337336051288,-0.41216110029869923,-0.43864687781745965
25707,0,-1.3849655163581114,0,2014-02-11,2015-08-20,1.4378582102675388,-1.4025825043394584,-0.37813118058399187,-0.15525542522766167
48177,3,1.443528492739347,1,2009-10-27,2012-06-26,0.11024027922934591,1.5743082718400208,0.5856399226171703,0.1837443169028241
39384,2,-0.6516611303682595,1,2013-09-22,2015-10-04,-1.346718466023915,-0.07081557815390199,-0.9276163123932382,-0.9240445786069964
46180,3,-0.35234832706717284,1,2010-11-06,2012-05-10,1.7737433590376832,-1.4310694974129463,1.4611884046130867,2.2953803792558993
29841,0,-1.2471713915397569,1,2005-03-21,2007-11-06,-1.7478772965512026,1.4817255443511852,-1.029430166827374,-1.0312760831380807
46958,3,1.1006008534087985,1,2011-09-14,2013-12-21,0.8130109019620773,0.5487765211944585,1.4583929882560007,1.1696154365337492
26695,1,-1.3403921125038263,0,2010-09-03,2013-01-09,0.5016191453261878,0.7624289692456173,-0.6791227353442755,-0.7299812332270755
39505,1,-0.19658105553338076,1,2004-07-29,2006-06-24,1.6620905741390761,-0.40553774676738413,1.5152021860795737,1.6582478952762005
29841,0,1.3661241408848626,0,2009-09-16,2011-03-15,0.5900210452123986,-1.4737999870231782,1.2684183821576462,2.0732825540400905
49624,2,0.9491471370867115,0,2002-10-26,2004-12-01,1.1883042819124778,0.107228128555397,2.0557714153818765,1.9196398036744633
44601,0,1.0996422855839751,1,2003-04-15,2005-07-05,1.2631515037480736,0.4277068006321352,2.393008488285543,2.0589121149954757
49068,2,0.9318929162398915,1,2011-10-15,2013-11-07,0.593329909925514,0.014645401066561517,0.9650849816619957,0.9117986234434873
35214,2,-0.9850030914505745,1,2002-02-27,2003-12-29,-1.3785032944196487,-0.5835814534766831,-0.967361639979051,-0.9534801397478999
26326,3,0.5460693667484987,1,2013-05-17,2015-10-07,-1.205860626767088,0.8621334450028247,-0.7422024947584415,-0.7880865708063411
48177,1,-1.754972696739919,1,2014-10-05,2017-01-16,-0.5839110729314829,0.5843852625363183,-1.0177502007712966,-1.0175430319675522
39384,2,0.4887949392153044,1,2005-11-20,2007-08-20,1.0175515291906854,-0.8114773980645859,1.2613982794382577,1.6093240224502652
44601,1,-0.6001381097840052,1,2013-09-28,2016-01-11,0.4303027679612692,0.5915070108046903,-0.23293089246710572,-0.3294131519727331
49545,3,1.4598241457613437,1,2013-04-23,2014-11-16,-0.7967586589679286,-1.2815127837771352,-0.3418421865469138,-0.13552454106875483
35089,3,-1.727653513732454,1,2014-09-26,2016-04-23,1.4832194074413398,-1.2601475389720194,-0.8130661112937296,-0.7403502761030089
44387,2,1.1542806515989055,1,2001-10-04,2003-02-24,-0.8350119827857053,-1.7373046729529407,-0.43362021617402563,-0.15205146162073707
48177,1,0.6824256398296182,0,2009-06-07,2011-10-17,0.8672309351332536,0.7837942140507331,1.1949938682687598,0.8607480880190105
29841,1,-0.4721693051700898,0,2000-03-25,2002-07-10,0.7659535797298809,0.6057505073414342,0.10400644759253096,-0.036405539258558564
26945,3,0.32272306356466146,0,2001-12-17,2004-07-22,1.0455608688983449,1.3962645651307217,1.1438030936303578,0.6474831736750118
41480,1,-1.7185471193966324,0,2009-08-02,2012-01-04,-1.535347058772071,0.9475944242232882,-1.0450459553751468,-1.0422437211000504
39505,2,-1.109856550633814,0,2004-07-19,2006-04-14,-1.2950452105633334,-0.8399643911380736,-0.9685693501413991,-0.9491498204521577
38537,1,-1.3255343112190647,0,2001-12-24,2004-03-06,-1.6320211344926994,0.36361106621678757,-1.0237628332617963,-1.021606162693957
42320,3,0.09218750169464919,1,2007-08-24,2009-06-16,1.3004452913525615,-0.6405554396236588,1.297838603028389,1.553060601068936
46109,2,-0.4326283823961272,1,2007-03-12,2009-04-26,1.809370020833692,0.17132386297074464,1.3883177903313693,1.2553891966825146
44387,0,1.0375750189266641,1,2014-02-26,2015-10-03,0.1750841770968045,-1.1960518045566717,0.4638514032549209,0.8557142981774021
46958,3,1.6678333637480076,0,2005-01-09,2006-11-21,-0.3250538061068519,-0.5052422225245915,0.15216101630876813,0.24854280315592261
35089,1,-0.5392690529077233,0,2006-03-04,2007-08-01,-0.4372421509840313,-1.687452435074337,-0.6402908195634923,-0.458138560300086
35089,0,0.7104637487057008,0,2000-09-08,2003-01-14,-1.2748130586093502,0.7553072209772453,-0.75301503312782,-0.7926593013821412
48177,2,-1.719026403309044,0,2000-06-09,2002-09-01,1.3788597730504297,0.4419502971688791,-0.8191694579085732,-0.8380207724991388
48177,0,-0.5186598446740216,1,2014-08-26,2017-01-26,-0.7967586589679286,0.9404726759549162,-0.7629028726813061,-0.8085443764961069
46109,3,-1.5251560607385244,0,2006-08-28,2009-04-23,1.2453107165608905,1.5458212787665329,-0.6206505845868772,-0.7226166356920798
32885,2,0.5566136128215554,0,2007-06-21,2009-01-25,-1.9759218034868848,-1.1960518045566717,-1.0165454168710242,-1.0002956247204169
39505,2,0.8782131180497846,1,2003-07-28,2005-12-24,1.876894477276409,0.9119856828814284,3.765437942869784,2.9602303413573123
25707,1,0.8197404807355612,0,2006-01-19,2007-09-15,0.9994810426059163,-1.0536168391892324,1.5478596888808196,2.106514919846996
49545,2,1.5350717200099755,1,2011-08-05,2013-05-17,0.5395893781991937,-0.7188946705757503,1.298147114658646,1.5974644427431455
44601,0,-1.1038655017286683,0,2006-09-20,2008-11-12,-1.7083637488104302,0.2282978491177203,-1.0186966375340367,-1.0160824234264982
35214,0,-1.7530555610902725,0,2007-02-01,2009-04-06,0.903345193659435,0.3066370800698119,-0.9171415482748727,-0.9230815784670242
49624,2,0.153056558570931,0,2014-07-26,2015-12-29,0.2658764664237782,-1.644721945464105,0.08641626821860046,0.5562566230133816
44601,3,-0.694317398572898,0,2002-04-13,2004-03-18,0.1793193579005793,-0.3343202640836645,-0.4282852223727493,-0.39862976412143813
26326,3,1.265714161234618,1,2011-07-09,2013-06-05,-1.1676942498154386,-0.3912942502306402,-0.6271259845227626,-0.5999796507176581
44601,0,-0.8404989918584567,1,2005-07-29,2007-07-06,1.2653683335070887,-0.3200767675469206,0.17130796710692334,0.22045919844995804
26326,3,-1.5747619456731319,0,2009-01-07,2011-02-24,0.18354388415019843,0.18556735950748854,-0.8838486285657797,-0.8888822992203175
49624,3,1.2060433141393656,1,2002-07-25,2005-03-26,-1.669758639446467,1.5885517683767647,-0.8855199422483924,-0.9235611429497561
48177,0,-0.5862388763240668,1,2001-01-06,2002-06-19,-1.4328526433526916,-1.5877479593171295,-0.9392829012512556,-0.8877432900489038
25707,2,-1.622450694958093,1,2010-08-17,2013-04-01,-0.480540085848112,1.4674820478144412,-0.9745050637430542,-0.989250139895685
46958,3,0.5738678336683755,0,2008-04-10,2009-12-31,-1.1962374010123185,-0.8684513842115615,-0.7342760868704928,-0.6761905681967812
35214,0,-0.6581314631858171,1,2005-02-18,2006-08-31,-1.0938692496103364,-1.3740955112659707,-0.8713835881985602,-0.807748023263705
38537,2,0.1952335428631578,1,2014-03-14,2016-01-17,-1.3052534383440777,-0.5550944604031952,-0.8242657523319677,-0.7986315366683023
35089,2,-1.0255025820493604,0,2005-07-23,2007-09-03,1.3829958546945882,0.1428368698972568,0.04409457589393258,-0.007522833181456382
46109,0,1.1387039244455261,1,2006-02-01,2007-07-05,-1.2647876658550345,-1.658965442000849,-0.6976405397961746,-0.5436389554336318
25707,2,1.1121036673066786,1,2004-09-15,2007-01-23,0.5966322675258506,0.7695507175139893,1.0986224432578189,0.7831542980581878
26695,3,1.4224400005932336,1,2014-10-03,2016-10-25,-1.058139214469558,0.007523652798189558,-0.5359821176911792,-0.545144214608989
46180,3,0.15832868160745936,0,2000-11-03,2003-03-31,-0.7446270308284859,0.8977421863446845,-0.5935345860819573,-0.6656265916525533
41472,1,-0.5819253211123618,1,2006-02-13,2008-08-16,0.7569816173439871,1.1612468722744471,0.008394596608930672,-0.19968504105736692
32726,0,-1.0645642209109114,0,2004-01-06,2006-03-19,1.7473499151372671,0.36361106621678757,0.2870416321972963,0.17358497514943724
44387,3,-0.34036622925688115,1,2002-12-22,2005-01-18,-1.0670007036276508,0.04313239414004936,-0.8154827857307442,-0.8184809573160634
25707,3,0.8350775659327345,1,2011-10-27,2014-01-09,0.7449439435836496,0.37785456275353146,1.1262735296851358,0.9338445764928239
35089,2,0.48759672943427523,0,2000-05-24,2002-06-15,-0.35385808521291234,0.00040190452981759856,-0.2681902602910086,-0.28373502670679196
39384,3,-1.2119440239774992,0,2005-12-29,2008-01-07,0.18354388415019843,-0.09218082295901787,-0.6952418409690532,-0.6932873415373603
44387,0,1.0742402382261569,0,2005-03-03,2007-06-01,0.15374655457251418,0.48468078677911086,0.4567292994003259,0.29964226206813355
32961,1,-0.47504500864455984,0,2004-12-28,2007-09-16,1.2204659711227455,1.709621488939088,0.5406231429208659,0.126805711713246
25707,2,-0.6027741713022694,0,2006-12-28,2008-08-05,-0.5443975251907104,-1.1818083080199278,-0.6985292873922812,-0.6031360749012301
46958,1,-1.3401524705476204,1,2012-09-28,2015-01-16,0.2045085546837795,0.62711575214655,-0.7568940025277607,-0.7904336717144764
46180,0,1.4615016394547846,0,2013-11-02,2016-05-04,0.21282168205057206,1.154125124006075,0.7357233060633707,0.38388896520606264
49545,0,0.9146386953930714,0,2001-04-24,2003-11-08,1.2520232436812064,1.2538295997632825,2.156316108150076,1.4830140395476679
49545,0,0.607896991449604,1,2001-09-27,2004-03-04,-0.8583893668070125,0.9760814172967761,-0.5583278909754155,-0.6414398528934849
35089,1,0.14227267054166848,1,2001-03-22,2002-12-15,1.1220718204723517,-0.8470861394064456,1.077088916718284,1.4171777405531139
32726,3,0.9259018673347456,0,2006-07-09,2008-08-28,0.09696551999206864,0.20693260431260443,0.3170517038949942,0.23630738021507874
49068,3,1.391526188242681,1,2011-05-29,2013-09-08,-0.2744193680617549,0.5772635142679463,0.1105324300585805,-0.02578157975476604
26326,0,-0.7491954065440339,1,2009-03-10,2010-10-15,-0.8583893668070125,-1.1960518045566717,-0.8282053371606174,-0.7641690321273972
48177,3,-1.5814719204468952,0,2009-08-08,2012-01-03,1.0556313536438708,0.8977421863446845,-0.7306592269450389,-0.7799765431067179
46180,2,-0.23899768178181338,1,2004-02-04,2005-10-10,-1.3785032944196487,-0.9823993565055128,-0.8931846586992935,-0.8558307757972333
41472,1,-0.9356368484721728,0,2011-09-18,2013-03-02,-2.1192621846050264,-1.5735044627803856,-1.0579194183206335,-1.051953901430549
26695,2,-1.2778455619341036,0,2004-10-29,2007-02-20,-0.2967352884864664,0.6556027452200379,-0.8391721313451247,-0.8630610253255201
38537,1,0.32895375442601316,1,2004-04-22,2006-02-13,-0.5057924158267475,-0.6405554396236588,-0.4182627747637853,-0.34495574303203064
49068,3,-0.5313608683529308,1,2005-06-03,2007-11-02,1.3091012295833424,0.9262291794181724,0.5743462231550737,0.3021042694816414
44601,0,0.1564115459578127,1,2004-03-08,2006-10-07,0.8644204770737502,1.360655823788862,0.7344232096269212,0.33865088512785946
26695,0,0.43751156058725593,1,2000-07-27,2003-04-18,-0.7892114628994007,1.7309867337442038,-0.5553104967380222,-0.6832030629246678
29841,1,1.5913875797183465,1,2004-12-01,2007-04-08,1.2295430110543297,0.7553072209772453,2.864897092560962,2.2946896839422317
32726,0,-1.2347100098170536,1,2001-10-17,2003-07-28,-1.669758639446467,-0.7331381671124942,-1.021766704488791,-1.0115952789559748
35089,0,-0.4120191741624255,1,2011-12-01,2014-03-24,-1.284898664293682,0.6556027452200379,-0.8868250551341145,-0.9044002286731776
38537,3,1.2336021391030365,0,2013-07-12,2015-11-03,-1.5004825199571967,0.6556027452200379,-0.8071379223659834,-0.8352711527684021
39384,0,-0.17764934099311988,1,2009-03-28,2011-03-09,1.0904099283699915,-0.29158977447343276,0.7051221294263996,0.76299987454955
42320,0,-1.6406634836297362,0,2012-04-08,2014-04-23,1.0252368895096269,-0.04945033334878612,-0.7951101491603477,-0.7943439841208371
32961,0,1.5036786237470112,1,2010-05-25,2012-10-07,-1.6445063094678316,0.812281207124221,-0.8569855427116805,-0.882980072071285
25707,3,0.4696235827188377,1,2009-03-26,2010-10-22,-0.0858946924087512,-1.2601475389720194,-0.06630952988187587,0.2105308155755888
26945,1,0.08499824300847417,0,2000-12-07,2002-05-01,-0.7892114628994007,-1.7230611764161967,-0.6309472647560698,-0.4388798374432246
42320,2,-0.01828744011624028,0,2006-02-12,2007-09-17,0.4556094645380021,-1.2102953010934157,0.1566172954124828,0.47576730880866386
32726,2,0.6443225687928906,1,2002-03-02,2004-09-01,0.47700145190029775,1.154125124006075,0.6087440158164289,0.2821700554093502
38537,2,1.0948494464598586,0,2011-08-11,2014-01-19,0.9600910825964659,0.9974466621018919,1.7316669886361074,1.2368547644060666
29841,2,1.642670958346395,1,2010-09-18,2012-12-22,-1.669758639446467,0.5274112763893426,-0.8611466873831978,-0.8783719712720796
32885,3,0.935487545582979,0,2014-05-14,2016-12-10,1.7490117146777147,1.346412327252118,3.4669462519969496,2.4677384905653663
39384,1,-1.3938322687377274,1,2012-02-27,2013-08-30,-0.5574656712873295,-1.4381912456813182,-0.9183709963840683,-0.8662643962077358
48177,2,1.6194256885944291,0,2009-01-27,2010-12-06,-0.7742180749133976,-0.5266074673297074,-0.2893901929539237,-0.22252547144680745
49624,1,-0.46306291083426815,0,2011-03-24,2012-12-21,0.37098540268741503,-0.8114773980645859,-0.1870755296674192,-0.05295898525925679
46958,2,-1.256996711744196,0,2001-12-09,2004-04-01,1.1719894581059254,0.6556027452200379,-0.3536722280437259,-0.4418868846428484
38537,3,1.6347627737916026,1,2005-10-01,2007-07-19,-1.284898664293682,-0.6832859292338905,-0.6511748423350037,-0.5984257738622135
49068,2,-0.9001698389537093,1,2007-12-03,2009-04-30,1.2851891992805144,-1.6945741833427088,0.118715512934304,0.6241994888734904
39505,1,0.5880067090845197,0,2007-06-15,2009-03-02,-0.7083567590817177,-0.8969383772850493,-0.4750305868808605,-0.37055866066148374
48177,3,-0.17860790881794322,0,2009-09-17,2011-03-08,1.131695046227121,-1.5307739731701537,0.7555779942463843,1.4206413955516495
44601,3,-0.44413119629400727,1,2013-10-07,2015-05-11,0.08805702006148677,-1.2174170493617875,-0.3524703704055291,-0.16315055170491224
49624,0,0.036111283942484036,1,2009-03-14,2011-03-21,2.24945166664654,-0.1064243194957618,3.2310477249588514,3.2082781521162937
32885,1,1.0605806467224244,0,2008-07-28,2010-10-17,-1.075909203558233,0.4205850523637632,-0.6031674227974259,-0.6422129078196559
49624,3,1.542979904564768,0,2004-09-03,2006-01-31,-2.1192621846050264,-1.687452435074337,-1.0535956570852003,-1.0457337837975533
41472,0,-0.6919209790108396,0,2010-04-16,2012-08-22,0.8728377794024901,0.7624289692456173,0.005326201803934059,-0.14658598570693504
32961,1,1.390088336505446,1,2013-07-05,2014-12-03,-1.3572467030097408,-1.6803306868059649,-0.7196773834127144,-0.5719390194620722
44601,0,-0.7314619017848022,0,2003-02-15,2005-01-09,0.30557685681270724,-0.41265949503575605,-0.38364091403492606,-0.3411371467582395
35214,0,-1.015916903801127,0,2000-04-21,2002-05-03,1.457731203135867,-0.07081557815390199,0.11391142668103131,0.10369228189468688
32726,3,-1.6171785719215646,0,2007-09-05,2009-09-01,0.7509735669329355,-0.1776418021794814,-0.8233611193131648,-0.816359622618925
26326,3,-1.633953508855973,0,2014-08-02,2017-01-29,-1.4550946678369494,1.1327598792009592,-1.0352943960268963,-1.0347505610980934
29841,1,1.6148724914265182,0,2005-02-09,2007-06-09,1.3047788377539138,0.6983332348302697,3.100431927026805,2.529095226732457
32961,2,-1.4978368777310593,0,2010-06-06,2012-04-20,-0.38316508209953387,-0.4838769777194757,-0.9264006595195419,-0.9116978714789032
39505,1,1.230007509759949,0,2007-01-25,2009-03-01,0.8587854103811956,0.10010638028702504,1.65424352860218,1.5397249148365018
32726,1,0.3785596393606208,1,2004-03-02,2005-08-29,0.7113883651502679,-1.4737999870231782,0.7191627529026156,1.3353901975435691
42320,2,1.4150110999508527,1,2005-06-22,2007-09-06,0.8587854103811956,0.38497631102190344,1.8139923556841204,1.556105742681433
26695,3,0.4887949392153044,0,2010-11-22,2013-06-14,0.12777827988101742,1.3036818376418862,0.13440362195908834,-0.11929114797574722
49068,0,-1.4084504280662833,0,2001-04-12,2003-12-23,0.15374655457251418,1.6597692510604842,-0.8035532513233612,-0.8639605925559521
32726,3,-0.6368033290834978,1,2014-04-02,2016-10-30,0.11903217522144655,1.3535340755204899,-0.42965220479949856,-0.5646550174665209
38537,1,-0.8002391432158765,1,2012-04-29,2013-10-15,-1.6073258615099097,-1.5521392179752695,-0.9878091052510951,-0.9558378366448526
39505,3,-0.3590583018409362,1,2011-02-14,2012-12-07,-0.8583893668070125,-0.6405554396236588,-0.7506209327125318,-0.7125454577454967
44387,2,-1.7295706493821008,0,2000-07-05,2003-03-28,0.7539802791034055,1.7381084820125758,-0.9128365987242112,-0.9463986817313099
32726,3,-0.5220148320609033,0,2011-04-21,2013-04-16,0.6130473376171518,-0.18476355044785336,-0.05514040557671226,-0.04127687141744406
44387,1,-1.1898969640065626,1,2005-07-02,2007-12-01,-2.0863346923883714,0.9262291794181724,-1.0558405181346324,-1.0511635945993254
41480,0,1.5115868083018038,0,2003-11-01,2006-04-29,0.4840719814980617,1.1256381309325871,1.1865077082494906,0.752906460509229
41472,2,0.5127591348358879,0,2014-08-06,2016-06-22,-0.9470033599424569,-0.46963348118273174,-0.6237925539812035,-0.5891367517650326
46180,3,-0.23061021331460918,0,2000-11-07,2003-04-13,0.7175394646968065,0.9618379207600322,0.2521522275072383,0.0285028175808905
32885,2,0.7351468701949018,1,2009-12-18,2011-06-27,0.3860123333755862,-1.3954607560710865,0.5525163080710234,1.0686617241944978
25707,1,-0.6667585736092271,1,2010-02-27,2012-07-08,1.063144781384405,0.7837942140507331,0.18378638467220285,0.0018374009516177845
32961,2,-0.16494831731421067,0,2001-12-19,2004-01-20,0.7984466450238246,0.0716193872135372,0.3856800742419562,0.33443023451166537
48177,3,-0.04057414204338284,1,2012-05-10,2014-07-17,-0.21453707079992876,0.32800232487492775,-0.36067310104090305,-0.4130080049184369
35214,2,0.9323722001523032,1,2011-06-27,2014-02-28,0.3173062290544437,1.6027952649135084,0.5832474943516395,0.17688262607624694
46109,2,0.25754045147667465,1,2005-06-17,2007-03-01,-1.0938692496103364,-0.9254253703585371,-0.734013977396006,-0.6710188291378605
49545,1,0.8662310202394929,0,2001-09-16,2003-07-13,0.6896803286083674,-0.6191901948185429,1.0637911457718339,1.2836082214878228
49545,3,0.04545732023451156,1,2002-02-06,2004-10-02,-0.6588595416327482,1.5458212787665329,-0.5779396994061533,-0.6903443450190514
35214,0,-0.05854728875882039,0,2003-04-09,2005-09-05,0.6613511943579403,0.9119856828814284,0.32809374481858855,0.1003007094173132
35089,0,-1.543129207453962,0,2013-02-21,2015-03-04,0.18775780931904273,-0.07793732642227395,-0.866759676081657,-0.8637369159279439
26695,0,-0.9746984873337237,1,2008-12-08,2011-04-17,-1.669758639446467,0.7695507175139893,-1.0072524445937656,-1.009716988205412
26695,2,-1.0358071861662113,0,2011-12-19,2013-11-21,-0.008451653216399967,-0.34856376062040845,-0.6694698328317171,-0.6479584040841999
42320,3,0.3632225541634474,0,2003-07-24,2006-01-23,-0.1515578785371072,1.154125124006075,-0.1622867455874881,-0.3354771870442238
25707,1,0.6359351003256865,0,2000-12-29,2003-05-24,0.7539802791034055,0.8834986898079407,0.9812028331744551,0.651452169923301
41480,3,-0.8366647205591633,1,2002-06-08,2004-08-09,0.11464198109060128,0.29239358353306794,-0.5301956434553804,-0.565484314996029
32961,3,-0.8970544935230335,1,2003-11-08,2006-04-30,0.5429990205860084,1.0829076413223555,-0.36320431773630557,-0.4902543821585885
39384,1,0.1254977336072601,1,2009-03-25,2011-10-12,1.7688260837858536,1.2751948445683985,2.2224036469405295,1.5268117831854888
26695,2,0.38910388543367747,1,2003-11-04,2005-04-29,-0.37138083515235115,-1.495165231828294,-0.3127099934718987,-0.04531555964602775
48177,1,1.0145693911309042,0,2007-05-07,2009-07-25,1.0953200146126634,0.4134633040953913,1.9278218602381494,1.6461075894706416
41480,1,-1.206671900940971,1,2005-11-10,2008-03-16,1.9638749917647178,0.7481854727088734,0.23269801919114413,0.04978675216921859
41472,1,-1.4412813760664824,1,2013-07-01,2015-05-23,-1.2449146729867067,-0.4340247398408719,-1.0020353373503925,-0.993284093973142
26326,0,-1.1740805948969775,1,2011-04-05,2012-10-10,1.2720013176358043,-1.4097042526078305,-0.207721144685726,0.0715840084874603
32885,0,-0.8635046196542168,0,2013-09-13,2015-06-23,0.22521471467343088,-0.7402599153808662,-0.49580370331817614,-0.4172437981164711
29841,2,-0.782265996500439,0,2014-03-08,2015-09-13,0.0791010079066294,-1.4097042526078305,-0.5192137999230555,-0.3400896162849128
38537,2,-1.0938005395680233,0,2005-02-02,2006-10-10,-1.3155241021568267,-0.9752776082371409,-0.9696065010284832,-0.9471358964900676
46109,1,1.4538330968561979,1,2010-07-07,2012-05-21,0.2456686618110296,-0.4838769777194757,0.7786273245410847,0.9134178534414608
29841,3,1.2417499656140347,1,2010-08-28,2012-02-19,-0.8583893668070125,-1.509408728365038,-0.4322770618813207,-0.20369715378332293
41472,3,-1.6766097770606114,1,2013-07-28,2016-01-17,-1.346718466023915,1.0757858930539834,-1.0348930800850984,-1.0342519284619354
39505,0,1.203886536533513,1,2014-01-24,2015-11-05,0.8728377794024901,-0.7260164188441223,1.6588732932432342,2.0078744742321217
42320,1,-1.6564798527393214,1,2011-11-13,2014-02-19,-1.0145199231221353,0.5487765211944585,-1.0171306692861461,-1.0167741380826523
38537,0,1.5947425671052282,0,2011-07-10,2013-11-01,0.8130109019620773,0.6627244934884099,1.8712877310496836,1.485270536601444
42320,2,1.3565384626366292,1,2002-08-04,2004-05-10,-0.7373100332012806,-0.7616251601859821,-0.3181971529011066,-0.2126697072553399
35214,1,-0.09952606327001799,0,2004-02-11,2005-07-02,0.7748778609568806,-1.7444264212213125,0.4144686405418066,1.074480800271341
25707,0,1.36971877022795,0,2003-09-02,2006-05-23,0.2778854446501718,1.723864985475832,0.7785106920955001,0.2996559496733961
32885,2,0.8520921448233487,1,2007-03-11,2009-02-02,-1.3785032944196487,-0.41265949503575605,-0.7846951643958127,-0.764252369166694
42320,2,-0.48127569950591154,0,2006-01-19,2008-04-29,-0.02748016615816607,0.5630200177312025,-0.43278790363223435,-0.5020133635785027
46180,1,0.31145989162298726,1,2008-03-03,2010-05-16,0.2578225023106185,0.3707328144851595,0.16652645487537682,0.06230871884750408
41480,1,0.15377548443954853,1,2011-11-09,2013-12-05,-0.8272912873525863,0.0360106458716774,-0.6342158994945261,-0.6428469586381793
49545,3,0.3828731945723258,0,2001-07-28,2003-03-15,-0.5057924158267475,-1.11771257360458,-0.40283719325092726,-0.2460975983291824
44601,1,1.4670134044475187,1,2011-01-12,2012-12-22,0.4946222672926342,-0.29871152274180474,1.1749598420242553,1.2500714407150024
26326,1,-0.6487854268937895,0,2014-11-11,2016-07-17,-0.6312169701472696,-0.9823993565055128,-0.739877788558089,-0.6730172841585357
46958,2,1.1032369149270627,0,2002-10-22,2004-05-20,-0.15671686354283332,-1.2530257907036473,0.12419514768960337,0.4504925508950894
49545,1,-0.8445729051139559,1,2013-02-11,2014-09-11,0.42665619041843916,-1.2459040424352754,-0.38872424929769983,-0.20297650333376227
39384,2,0.8976241165024572,0,2007-04-20,2009-11-09,1.0780715312109683,1.2965600893735143,1.7741613304232355,1.1671380747471627
32961,2,-1.2826384010582204,0,2012-04-21,2014-06-14,0.5599441522495896,0.2282978491177203,-0.6220476657092612,-0.6456531775261888
29841,2,-0.8821966922382718,1,2005-01-15,2007-07-18,0.4556094645380021,1.154125124006075,-0.3979678931571123,-0.5242735596164644
32885,3,0.7571939301658385,1,2009-05-29,2010-11-06,-1.7083637488104302,-1.6091132041222453,-0.9245487536631202,-0.8662838589998305
35214,0,0.8084773087938869,0,2012-05-02,2014-06-06,-1.058139214469558,0.09298463201865308,-0.6323731904617705,-0.6453861412794656
38537,3,-0.5287248068346666,1,2012-10-27,2014-10-21,-0.9720050371407813,-0.19900704698459729,-0.818165750016639,-0.8101196293772153
32726,2,1.634283489879191,1,2011-11-16,2014-06-23,0.03359013843908152,1.4105080616674657,0.5739524318871843,0.2047104567064676
46180,2,1.4437681346955529,1,2003-12-05,2005-05-14,0.5497976059799383,-1.6091132041222453,1.253278738253319,2.165182331825542
32726,0,-1.013280842282863,1,2012-01-27,2013-09-15,0.3173062290544437,-1.1034690770678361,-0.5401817218071189,-0.4172477952088086
32726,0,-0.7060598544269838,0,2009-03-27,2010-09-24,0.06104440061137376,-1.466678238754806,-0.4912103079343472,-0.29207280163842225
46109,0,0.7380225736693717,1,2012-09-12,2014-03-14,1.0020744767871577,-1.4524347422180621,1.4745087495812632,2.331515197804534
44387,2,-0.2694322102199543,1,2006-12-03,2009-03-19,-1.0231536094855254,0.6057505073414342,-0.7901355036318108,-0.818566275298468
46180,3,-0.9941094857863962,0,2014-05-03,2016-02-24,-0.679894242121658,-0.6405554396236588,-0.8384439101257373,-0.8096780914435862
49068,1,0.9831762948679399,1,2012-03-11,2014-10-17,1.0780715312109683,1.4105080616674657,1.8604216838880656,1.1962060826142114
46109,3,0.6879374048223524,0,2013-11-26,2015-08-06,0.11464198109060128,-0.953912363432025,0.21979863792441617,0.461490972697908
35089,1,-0.36433042487746453,1,2010-04-10,2012-06-24,-0.9720050371407813,0.38497631102190344,-0.7894883816756617,-0.8089115701688762
41480,0,-0.9993816088229246,0,2005-06-18,2007-10-19,-0.96362971654428,0.7196984796353856,-0.8986747443905772,-0.9161530855486222
41472,2,1.2220993252051564,0,2002-07-12,2004-02-03,0.5531866047055515,-1.288634532045507,1.1060070746243402,1.7226156698082435
26695,0,0.5741074756245813,0,2008-08-26,2010-05-12,-0.09085554771115356,-0.9111818738217933,-0.0270867490952791,0.1572311594830867
42320,1,0.12813379512552428,1,2000-12-02,2002-11-06,-1.3052534383440777,-0.3414420123520365,-0.831756983245529,-0.8173177339570126
44601,0,0.7651021147206309,1,2010-07-14,2012-11-06,1.3850600815047098,0.6698462417567819,2.275875651885589,1.8324214291255847
38537,1,0.6028645103692813,1,2007-05-16,2009-12-27,0.5966322675258506,1.4532385512776973,0.7352956537628924,0.3203772048115191
39384,2,-1.0604903076554122,0,2014-04-21,2016-12-29,0.6195686984290094,1.6455257545237403,-0.44104915950912044,-0.593566713322131
32961,3,-1.342548890109679,1,2007-01-06,2008-08-29,1.3390504007165245,-1.0749820839943482,-0.37113323384889046,-0.21554250624199583
26326,2,-0.43981764108230226,1,2003-06-01,2005-07-15,0.2898091513061472,0.16420211470237267,-0.22704910569512957,-0.26773575771567376
42320,0,0.025806679825633172,0,2012-09-22,2015-04-17,0.2658764664237782,1.3179253341786301,0.01582730228098003,-0.21394287037975065
32885,0,0.910804424093778,0,2000-08-10,2003-03-12,0.03359013843908152,1.3677775720572338,0.2407699041079946,-0.045706793694476666
41472,0,1.359893450023511,1,2000-04-11,2001-09-08,1.0531193886300891,-1.687452435074337,2.183165816806115,3.5559679360843632
29841,1,0.6031041523254872,1,2011-10-16,2014-05-05,-0.7373100332012806,1.2823165928367704,-0.4890574151215771,-0.606069743822574
26945,1,-1.5853061917461886,1,2013-07-29,2016-01-12,0.3934756714323922,1.0330554034437518,-0.8590427049508342,-0.8905801402093743
41472,3,0.7763652866623052,1,2011-08-27,2013-11-11,1.035429626712964,0.39209805929027536,1.5721480821458218,1.3334504978142894
49068,2,-0.36169436335920035,1,2002-09-01,2004-10-23,0.9224743477746198,0.22117610084934836,0.34206121174291426,0.256396929228926
26695,0,-1.0731913313343215,0,2001-09-29,2003-10-28,-1.8020512945418241,0.05025414240842132,-1.027398504872022,-1.0232177840267092
44601,2,-1.4328939075992781,1,2008-09-13,2011-03-05,-0.7742180749133976,1.0757858930539834,-0.9549580511154192,-0.969438591244441
26326,1,1.0531517460800435,0,2010-04-10,2011-11-03,-1.4439368307817935,-1.2815127837771352,-0.7957476562553913,-0.7165355811327218
35214,2,1.2764980492638807,0,2007-06-09,2009-11-21,0.042791522001447695,1.0259336551753797,0.42030945964472405,0.15503773290196782
41480,2,-0.9658317349541078,0,2008-12-24,2010-08-21,-1.6196281018698409,-1.0464950909208606,-1.000149152423942,-0.9823274415074744
42320,2,-1.1362171658164557,0,2001-12-13,2004-01-12,-1.2548217713308731,0.05737589067679328,-0.9661388804688854,-0.9642418771386269
48177,2,-0.9274890219611744,1,2006-10-07,2009-04-20,0.9916766212834882,1.2395861032265385,-0.12450452181696997,-0.31491857137538193
49068,2,1.420522864943587,1,2006-07-12,2007-12-04,-0.017938956975176418,-1.7230611764161967,0.4115457227657114,1.0577622830261775
29841,1,0.6122105466613089,1,2010-08-04,2013-03-11,0.36342120837212444,1.4105080616674657,0.4512429760459967,0.11013696531922569
39505,0,1.1056333344891212,0,2006-04-26,2008-01-05,-1.346718466023915,-0.946790615163653,-0.7436881998179725,-0.6806042384629587
41480,1,0.31625273074710397,0,2000-07-06,2002-02-11,-0.46805491087297973,-1.1889300562882996,-0.3985648506205367,-0.22693491037796076
46109,1,0.43415657320037426,0,2003-10-21,2005-07-17,-0.7742180749133976,-0.8328426428697017,-0.547841839846187,-0.4642032344596443
49624,0,0.9028962395389856,0,2003-10-17,2005-11-04,-1.3155241021568267,-0.02096334027529828,-0.7501719605026453,-0.7518035518012225
41480,3,-0.7333790374344489,1,2005-09-19,2007-05-19,1.080546473882377,-1.0322515943841166,0.1317148051490422,0.3827116566099906
25707,3,0.974309542488324,0,2010-10-20,2013-02-04,-1.6570850072242287,0.6128722556098062,-0.8934191777027817,-0.9090883277762585
26326,0,1.1449346153068778,0,2003-12-11,2006-04-13,0.9890670662927868,0.7268202279037574,1.8368234704354682,1.4289590009411102
49545,1,0.718851217172905,0,2005-10-26,2007-06-30,0.9916766212834882,-0.9966428530422567,1.4378184396023872,1.9335475570025489
44601,1,-0.2342048426576967,1,2011-02-07,2013-03-31,1.767183787030426,0.22117610084934836,1.6403166113094738,1.470382075106418
26695,1,-0.7683667630405007,1,2003-09-16,2005-09-20,-0.9973845877186353,-0.12066781603250572,-0.865959134385258,-0.8613837970148885
25707,1,-1.2574759956566077,0,2006-01-20,2007-08-26,-0.6869647717194219,-1.2031735528250436,-0.9029876366525867,-0.8575885989010376
39384,2,0.15904760747607685,1,2014-03-10,2016-11-27,-0.38316508209953387,1.7167432372074598,-0.39458346204794964,-0.5639457144496438
41480,0,0.4274465984266109,0,2008-06-03,2010-01-08,1.7440213743079565,-1.1960518045566717,2.6473345236886354,3.5932008172717183
39384,2,0.6651714189827982,0,2009-09-26,2011-11-05,-0.7816980351588666,0.12859337336051288,-0.5019655751745319,-0.5240398735989346
44601,2,-0.32263272449764946,1,2009-12-07,2011-12-31,0.11903217522144655,0.014645401066561517,-0.27455488030546005,-0.2919593711921432
32961,2,-1.5071829140230868,1,2014-05-06,2017-01-19,-0.6243768454205261,1.6882562441339721,-0.9562945168090943,-0.9778076480726712
46109,1,-1.0683984922102048,0,2005-09-18,2007-08-27,1.1268903267873605,-0.31295501927854863,-0.1786721410611462,-0.1432717468585096
44387,0,1.6577684015873626,0,2011-01-04,2013-02-05,0.8013696193015735,0.07874113548190916,1.8990358021629354,1.7848270289623056
25707,2,1.4212417908122044,0,2011-11-24,2014-04-14,-1.3785032944196487,0.8550116967344528,-0.7281033460407134,-0.775942918768636
46958,3,0.2604161549511446,0,2004-03-03,2006-04-12,1.083017774252733,0.12859337336051288,1.1392611168515714,1.0365645860608443
44601,1,-0.1798061185989724,1,2005-08-19,2007-12-07,0.42300167690081447,0.62711575214655,0.025721412396056454,-0.10827703448250377
35214,0,0.33710158093701154,0,2014-03-18,2016-05-07,-0.6658418731003637,0.20693260431260443,-0.5101306824403624,-0.5391630489661258
44387,0,-0.8330700912160758,0,2002-08-15,2004-10-04,-0.34227701656197346,0.20693260431260443,-0.699841924951912,-0.7170143440144796
26945,0,-0.9071194556836785,0,2003-10-16,2005-07-10,0.7267240726356886,-0.8470861394064456,-0.2700977651268668,-0.14107919340149122
32726,3,-1.5031090007675876,1,2000-06-12,2002-05-08,-1.682528650025467,-0.40553774676738413,-1.0374640103372414,-1.0309590240784354
49068,1,-0.32646699579694277,0,2012-02-12,2014-06-19,-2.0540404605916205,0.7553072209772453,-1.0457871357551547,-1.042496672378459
49624,1,-1.3231378916570062,1,2012-10-26,2015-05-30,0.6065005523323901,1.3820210685939778,-0.6357626380202056,-0.726248611251545
44387,0,0.1887632100456003,1,2005-05-29,2007-07-15,0.6293034984370726,0.1784456112391166,0.47650874084425227,0.3932094792074133
32961,1,0.6277872738146881,1,2008-06-05,2009-12-19,0.7083043453695991,-1.3527302664608547,0.9081984469121388,1.5093802888759982
41480,0,-1.6921865042139905,1,2000-05-22,2003-01-13,0.005679551902586557,1.524456033961417,-0.9602909547294987,-0.9790153752721498
26695,0,-0.7870588356245557,0,2003-03-19,2004-09-03,1.249788714677396,-1.5521392179752695,0.2189006935046433,0.6986995290688194
41480,2,-0.2586483221906918,0,2006-01-16,2008-08-08,-1.058139214469558,1.3036818376418862,-0.7999100550392267,-0.8509288765903477
35214,0,0.6752363811434433,1,2013-07-06,2015-08-14,-0.1775127738834605,0.12147162509214092,-0.0618524147032826,-0.10431270429835283
48177,3,0.1727071989798094,1,2002-10-25,2005-07-12,-1.3362558259559516,1.702499740670716,-0.8376952050718205,-0.8903379431240896
26945,1,-1.4987954455558825,1,2004-01-27,2005-06-21,0.94675305934733,-1.7159394281478246,-0.6789358726088759,-0.50884361796902
48177,2,-0.018047798160034444,0,2014-04-17,2016-01-11,0.8360541218464671,-0.8399643911380736,0.550116355131584,0.8047050155155385
35214,3,-1.460692374519155,1,2011-07-09,2013-07-27,0.08805702006148677,-0.02096334027529828,-0.8419052601237444,-0.841476241173043
41480,0,0.6687660483258857,0,2003-09-16,2005-08-14,1.249788714677396,-0.3841725019622682,1.8721656096723667,2.021030271299316
41480,0,1.5377077815282398,1,2005-06-09,2007-11-16,-0.8043399282718927,0.9832031655651481,-0.33128632316530987,-0.4551237471946318
39384,3,1.2338417810592424,1,2012-08-12,2014-06-17,0.17083828785988026,-0.5550944604031952,0.5597044618410396,0.7047937278222153
32961,1,1.0953287303722703,1,2001-09-08,2003-06-15,0.18354388415019843,-0.7616251601859821,0.5041677699829173,0.7208421967200033
29841,0,1.6105589362148134,0,2013-04-01,2015-05-15,-0.8196059270336449,0.15708036643400072,-0.32820204293761707,-0.36240643001522643
49545,2,-0.990035572530897,1,2011-04-27,2014-01-07,-1.139628165326962,1.666890999328856,-0.9292253384973842,-0.9574741076188468
49068,0,1.2834476659938499,0,2012-07-02,2014-12-14,-2.1027177325660085,1.0188119069070078,-1.0484726082656861,-1.0451817302551785
35214,3,1.6258960214119866,0,2006-03-08,2007-12-24,-0.5443975251907104,-0.6832859292338905,-0.08426507397781845,0.03431394657553563
44601,2,-1.6202939173522404,1,2009-04-13,2011-05-04,1.0124083450826127,-0.006719843738554361,-0.7778702851606116,-0.7796131756865721
48177,2,0.7389811414941951,0,2009-04-03,2010-10-08,-0.6588595416327482,-1.4168260008762024,-0.40735785012030523,-0.19070016947576438
46958,0,0.996116960503055,0,2001-02-19,2003-07-04,0.8013696193015735,0.805159458855849,1.3507901513614295,0.9859793162086313
32885,0,-1.0252629400931546,0,2007-09-12,2009-02-15,-1.8723229827014374,-1.6376001971957332,-1.0333011935159666,-1.0173830038083562
49624,1,1.6048075292658732,1,2006-04-03,2008-04-12,1.2453107165608905,-0.08505907469064591,2.922880975589173,2.8860892460969043
39384,0,0.37664250371097413,0,2010-12-29,2013-06-16,-1.535347058772071,1.0544206482488676,-0.8878851980803639,-0.9145900629772555
29841,0,-0.1819628962048249,1,2014-06-06,2016-02-24,0.8978394566008143,-0.8826948807483054,0.477293397117955,0.7375631293650983
49068,2,-1.566134835249722,1,2010-07-21,2012-11-03,-1.5829885036557898,0.5986287590730622,-1.036033068182268,-1.0336432527299844
35089,3,-0.4635421947466798,1,2012-06-17,2014-08-02,0.12341092163622233,0.17132386297074464,-0.3415896919335325,-0.37682125009384837
32726,3,-1.333442495773857,1,2009-03-29,2011-10-28,-0.9973845877186353,1.360655823788862,-0.9615751657432521,-0.9781761568214892
35089,1,-0.837144004471575,0,2009-09-06,2012-01-13,-0.1464146944290341,0.7624289692456173,-0.6336427701651458,-0.6912160396489601
26695,0,1.2669123710156474,0,2004-04-29,2006-03-14,0.8130109019620773,-0.4838769777194757,1.5973595020769589,1.7898145963032968
25707,1,-0.38613784289219544,0,2011-01-15,2013-02-21,1.1364860574615538,0.11434987682376896,0.5436923738007412,0.4742222578248261
38537,1,-1.3387146188103856,1,2002-04-13,2003-11-06,1.5555791679630753,-1.2815127837771352,-0.25732839350378384,-0.02734464443239873
25707,1,0.06822330607406579,0,2010-08-02,2012-05-21,0.2658764664237782,-0.6690424326971466,0.039356957593520175,0.1685627994149046
39384,0,0.6702039000631207,0,2007-10-28,2010-04-29,1.0681351217541633,1.154125124006075,1.5268344958675624,1.0176219747257043
42320,0,-0.52680767118502,1,2005-06-22,2007-06-19,-0.30800545359936365,-0.1776418021794814,-0.5832922507798832,-0.5745818167344153
32726,3,-1.0559371104875015,1,2009-08-15,2011-08-08,0.13647906773284124,-0.20612879525296923,-0.6305873345207698,-0.6198230272440731
26945,0,-1.0398810994217105,0,2010-03-24,2011-12-22,-1.9307375089520233,-0.8114773980645859,-1.0398263399071372,-1.0315843306130799
49545,3,1.2048451043583364,1,2009-12-13,2011-08-30,-0.3250538061068519,-0.9040601255534213,-0.004522760267690329,0.18172597019617154
48177,3,-1.2426181943718462,1,2001-07-18,2004-01-08,0.9088329380812102,1.0829076413223555,-0.4597985567024321,-0.5684887886141414
46180,3,0.8858816606483714,0,2014-04-15,2016-07-27,-0.11084683498963051,0.5843852625363183,0.08282449053950872,-0.051339839107830514
39505,0,-1.3679509374674972,1,2000-01-26,2002-01-29,-0.9720050371407813,-0.12778956430087768,-0.9645624612850104,-0.9594791471652885
44601,2,0.3713703806744458,0,2006-10-17,2008-06-06,-2.0223555904267316,-1.0963473287994643,-1.031731044893682,-1.020152923019315
39384,1,0.6519911113914774,1,2002-05-29,2004-05-16,1.732319248215551,-0.24173753659482902,2.971679321962044,3.0565872969894095
26945,0,-1.7564105484771542,0,2002-08-08,2004-05-01,0.17083828785988026,-0.8542078876748176,-0.9790955328648075,-0.9610116879031259
39505,2,-0.9284475897859977,0,2012-12-22,2015-01-17,1.615983711817915,0.028888897603305437,0.37260219098861586,0.33278619634035617
